{
  "module": "neural_network_modeling",
  "seed": 457,
  "n_epochs": 30000,
  "n_out": 100,

  "memristor": {
    "id": 1,
    "x0": 1.110250e-01,
    "v_p": 6.500000e-01,
    "v_n": -8.700000e-01,
    "nu_v": 5.952302e-10,
    "r_on": 2.049949e+02,
    "r_off": 2.128270e+03,
    "d": 6.208429e-07
  },

  "neuron": {
    "tau_s": 0.00005,
    "tau_r": 0.003,
    "tau_out": 0.0015,
    "v_th": 0.009,
    "vp_te": 0.7,
    "vn_te": -0.9,
    "v0_te": 0.01,
    "vp_out": 2.0,
    "c_int": 4.5e-05,
    "r_int": 200.0,
    "alfa": 0.1,
    "p_noise": 0.27
  },
  "n_patterns": 5,
  "w": 8,
  "h": 8,
  "patterns": [
    0, 0, 0, 0, 0, 0, 0, 0,
    0, 0, 1, 1, 1, 1, 0, 0,
    0, 1, 1, 0, 0, 1, 1, 0,
    0, 1, 1, 0, 0, 1, 1, 0,
    0, 1, 1, 1, 1, 1, 1, 0,
    0, 1, 1, 1, 1, 1, 1, 0,
    0, 1, 1, 0, 0, 1, 1, 0,
    0, 0, 0, 0, 0, 0, 0, 0,

    0, 0, 0, 0, 1, 1, 0, 0,
    0, 1, 1, 1, 1, 0, 0, 0,
    0, 1, 0, 0, 1, 0, 0, 1,
    0, 1, 0, 0, 1, 1, 1, 1,
    1, 1, 1, 1, 0, 0, 1, 0,
    1, 0, 0, 1, 0, 0, 1, 0,
    0, 0, 0, 1, 1, 1, 1, 0,
    0, 0, 1, 1, 0, 0, 0, 0,

    1, 1, 0, 0, 0, 0, 1, 1,
    1, 0, 0, 0, 0, 1, 1, 1,
    0, 0, 0, 0, 1, 1, 1, 0,
    0, 0, 0, 1, 1, 1, 0, 0,
    0, 0, 1, 1, 1, 0, 0, 0,
    0, 1, 1, 1, 0, 0, 0, 0,
    1, 1, 1, 0, 0, 0, 0, 1,
    1, 1, 0, 0, 0, 0, 1, 1,

    1, 1, 1, 1, 1, 1, 1, 1,
    1, 0, 0, 0, 0, 0, 0, 1,
    1, 0, 0, 0, 0, 0, 0, 1,
    1, 0, 0, 0, 0, 0, 0, 1,
    1, 0, 0, 0, 0, 0, 0, 1,
    1, 0, 0, 0, 0, 0, 0, 1,
    1, 0, 0, 0, 0, 0, 0, 1,
    1, 1, 1, 1, 1, 1, 1, 1,

    1, 1, 0, 0, 0, 0, 1, 1,
    1, 1, 1, 0, 0, 0, 0, 1,
    0, 1, 1, 1, 0, 0, 0, 0,
    0, 0, 1, 1, 1, 0, 0, 0,
    0, 0, 0, 1, 1, 1, 0, 0,
    0, 0, 0, 0, 1, 1, 1, 0,
    1, 0, 0, 0, 0, 1, 1, 1,
    1, 1, 0, 0, 0, 0, 1, 1
  ]
}
